Type,Name,Request Count,Failure Count,Median Response Time,Average Response Time,Min Response Time,Max Response Time,Average Content Size,Requests/s,Failures/s,50%,66%,75%,80%,90%,95%,98%,99%,99.9%,99.99%,100%
GET,/api/auth/verify,47173,1,13,19.219420102808485,1.9899870003428077,308.62499800059595,112.47092616539122,32.759186741088,0.0006944478142388231,13,20,25,28,41,54,72,83,130,210,310
OPTIONS,/api/auth/verify,47178,1,10,14.24420023106476,0.7299660010176012,293.29043899997487,0.0,32.762658980159195,0.0006944478142388231,10,15,19,22,31,41,58,71,110,180,290
OPTIONS,/api/exercise-production,47167,0,10,14.26755213004451,0.7319819997064769,166.77376100051333,0.0,32.75502005420257,0.0,10,15,19,22,31,42,58,73,110,130,170
POST,/api/exercise-production,47150,35,73,83.54071426996578,36.21539500090876,1022.8754200015828,1140.1530222693532,32.74321444136051,0.02430567349835881,73,83,91,98,120,150,190,230,880,1000,1000
OPTIONS,/api/user/login,47191,8,10,14.154495106504752,0.6801870003982913,229.8725930013461,0.0,32.7716868017443,0.005555582513910585,10,14,18,21,31,43,61,74,110,180,230
POST,/api/user/login,47187,3,14,19.65030528015801,1.2793049991159933,398.5107179996703,112.46603937525165,32.76890901048734,0.002083343442716469,14,20,25,29,41,54,72,87,130,280,400
DELETE,/api/user/logout,47142,7,8,14.871537436237576,0.798553999629803,294.49483799908194,13.997921174324382,32.7376588588466,0.004861134699671761,8,14,20,24,36,48,65,75,120,180,290
OPTIONS,/api/user/logout,47144,8,8,12.457468800886055,0.7431379999616183,188.44673099920328,0.0,32.739047754475074,0.005555582513910585,8,12,16,19,29,41,60,73,110,170,190
,Aggregated,377332,63,13,24.048120893408854,0.6801870003982913,1022.8754200015828,172.34327064759947,262.0373826423636,0.04375021229704586,13,20,29,37,65,82,110,130,250,990,1000
