Type,Name,Request Count,Failure Count,Median Response Time,Average Response Time,Min Response Time,Max Response Time,Average Content Size,Requests/s,Failures/s,50%,66%,75%,80%,90%,95%,98%,99%,99.9%,99.99%,100%
GET,/api/auth/verify,50613,0,5,8.826694011896969,2.0476449935813434,176.3839539999026,112.49388497026456,35.13844121636336,0.0,5,7,9,10,16,26,65,76,94,110,180
OPTIONS,/api/auth/verify,50614,0,3,6.081336726061964,0.9102319963858463,125.65742200240493,0.0,35.139135473594045,0.0,3,5,7,8,11,16,49,66,88,110,130
OPTIONS,/api/exercise-production,50612,0,3,5.78300262341413,0.9143740026047453,107.05472699919483,0.0,35.137746959132684,0.0,3,5,7,8,11,15,40,60,83,95,110
POST,/api/exercise-production,50597,15,43,60.76493381608503,15.866148998611607,538.6607580003329,1140.661738838271,35.127333100672494,0.010413858460187116,43,49,63,77,110,160,190,220,400,500,540
OPTIONS,/api/user/login,50624,17,3,7.6950150717701495,0.8547120014554821,1004.1566069994587,0.0,35.146078045900836,0.011802372921545397,3,6,7,9,14,36,64,72,90,120,1000
POST,/api/user/login,50624,8,5,9.333317639729138,0.7451919955201447,1003.0976310008555,112.47609829329961,35.146078045900836,0.005554057845433128,5,7,9,11,16,26,65,76,100,170,1000
DELETE,/api/user/logout,50594,0,4,8.152229833855955,1.6783999963081442,124.83943100232864,14.0,35.12525032898046,0.0,4,7,9,10,15,23,63,73,87,110,120
OPTIONS,/api/user/logout,50594,1,4,6.877837736527696,0.9261259983759373,127.46798100124579,0.0,35.12525032898046,0.000694257230679141,4,6,7,9,13,18,60,75,92,100,130
,Aggregated,404872,41,5,14.187774111296042,0.7451919955201447,1004.1566069994587,172.42491701080834,281.08531349952517,0.02846454645784478,5,8,11,15,41,60,91,120,260,410,1000
