Type,Name,Request Count,Failure Count,Median Response Time,Average Response Time,Min Response Time,Max Response Time,Average Content Size,Requests/s,Failures/s,50%,66%,75%,80%,90%,95%,98%,99%,99.9%,99.99%,100%
GET,/api/auth/verify,37747,0,5,9.449708657540537,2.0476449935813434,176.3839539999026,112.32137653323443,34.68007330837864,0.0,5,7,9,11,17,33,70,78,96,110,180
OPTIONS,/api/auth/verify,37748,0,3,6.49920723369944,0.9102319963858463,125.65742200240493,0.0,34.68099205883055,0.0,3,6,7,8,12,17,56,71,90,120,130
OPTIONS,/api/exercise-production,37746,0,3,6.151967926140782,0.9143740026047453,107.05472699919483,0.0,34.67915455792672,0.0,3,5,7,8,12,17,49,64,84,95,110
POST,/api/exercise-production,37736,15,43,63.93536894874404,15.866148998611607,538.6607580003329,1140.5464543141827,34.66996705340759,0.013781256778702402,43,51,69,83,120,170,200,260,410,530,540
OPTIONS,/api/user/login,37757,17,4,8.289857933426193,0.8547120014554821,1004.1566069994587,0.0,34.68926081289777,0.015618757682529388,4,6,8,9,15,45,67,74,91,120,1000
POST,/api/user/login,37757,8,5,9.948004290633873,0.7451919955201447,1003.0976310008555,112.297560717218,34.68926081289777,0.007350003615307947,5,8,10,12,18,32,69,80,100,180,1000
DELETE,/api/user/logout,37734,0,4,8.625106272363903,1.6783999963081442,124.83943100232864,14.0,34.66812955250376,0.0,4,7,9,11,16,25,67,75,90,120,120
OPTIONS,/api/user/logout,37734,1,4,7.354581226076078,0.9261259983759373,127.46798100124579,0.0,34.66812955250376,0.0009187504519134934,4,6,8,9,13,20,67,78,93,100,130
,Aggregated,301959,41,5,15.030159668708732,0.7451919955201447,1004.1566069994587,172.36694716832417,277.42496770934656,0.03766876852845323,5,8,12,16,42,66,96,130,280,420,1000
