Type,Name,Request Count,Failure Count,Median Response Time,Average Response Time,Min Response Time,Max Response Time,Average Content Size,Requests/s,Failures/s,50%,66%,75%,80%,90%,95%,98%,99%,99.9%,99.99%,100%
GET,/api/auth/verify,6955,0,5,7.287311324787521,2.1892540007684147,77.6378679984191,110.84385334291876,65.49468281942006,0.0,5,7,9,10,15,19,26,32,55,78,78
OPTIONS,/api/auth/verify,6956,0,4,5.30262613125456,0.9313529990322422,65.00337199940986,0.0,65.50409974002673,0.0,4,6,7,8,12,15,19,24,51,65,65
OPTIONS,/api/exercise-production,6955,0,3,5.367948660381017,0.9311590001743753,66.9805939996877,0.0,65.49468281942006,0.0,3,6,7,8,12,16,20,25,53,67,67
POST,/api/exercise-production,6948,2,42,44.11275078367539,17.115610999098863,125.78886099981901,1140.6715601611975,65.42876437517334,0.018833841213348686,42,44,46,48,53,59,70,81,110,130,130
OPTIONS,/api/user/login,6961,4,4,5.345993262751484,0.8838379999360768,72.16281699948013,0.0,65.55118434306011,0.03766768242669737,4,6,7,8,12,15,21,24,52,72,72
POST,/api/user/login,6960,2,5,7.6666881808875385,2.138991998435813,158.35566100031429,110.81221264367817,65.54176742245343,0.018833841213348686,5,7,9,11,15,20,26,32,58,160,160
DELETE,/api/user/logout,6945,0,4,6.749358295899091,1.7532609999761917,62.072184000498964,14.0,65.40051361335333,0.0,4,6,9,10,15,19,25,31,53,62,62
OPTIONS,/api/user/logout,6947,0,4,5.424405530304824,0.9422690000064904,62.88090100133559,0.0,65.41934745456666,0.0,4,6,7,9,12,15,20,24,52,63,63
,Aggregated,55627,8,5,10.903500825783581,0.8838379999360768,158.35566100031429,171.94506264943283,523.8350425874737,0.07533536485339475,5,8,11,14,39,44,50,55,84,110,160
