Type,Name,Request Count,Failure Count,Median Response Time,Average Response Time,Min Response Time,Max Response Time,Average Content Size,Requests/s,Failures/s,50%,66%,75%,80%,90%,95%,98%,99%,99.9%,99.99%,100%
GET,/api/auth/verify,52153,0,4,6.329795356625906,2.0832319987675874,114.73675299930619,112.44871819454298,36.2084560145961,0.0,4,6,7,9,13,17,23,28,57,72,110
OPTIONS,/api/auth/verify,52154,0,3,4.5227993673181786,0.9119149999605725,88.95693799968285,0.0,36.209150288291085,0.0,3,5,6,7,10,13,18,21,52,64,89
OPTIONS,/api/exercise-production,52153,0,3,4.538517085494458,0.9175290015264181,71.9054490000417,0.0,36.2084560145961,0.0,3,5,6,7,10,13,18,22,54,70,72
POST,/api/exercise-production,52140,14,40,42.582172907000114,4.473566999877221,152.09544799836294,1140.6936325278098,36.19943045656129,0.00971983172980165,40,43,44,46,50,56,67,78,100,130,150
OPTIONS,/api/user/login,52159,8,3,4.618098106358912,0.8563440005673328,71.16937400132883,0.0,36.21262165676602,0.005554189559886657,3,5,6,7,10,13,18,21,54,66,71
POST,/api/user/login,52159,3,5,6.737026841484116,0.7942559986986453,94.75122299954819,112.44224390805039,36.21262165676602,0.0020828210849574962,5,6,8,9,13,18,24,29,62,79,95
DELETE,/api/user/logout,52137,0,4,5.8453625337639705,1.6829340002004756,87.61505700022099,14.0,36.197347635476326,0.0,4,5,7,8,13,17,23,28,58,74,88
OPTIONS,/api/user/logout,52138,0,3,4.691470296437905,0.9275930005969713,91.53183800117404,0.0,36.198041909171316,0.0,3,5,6,7,10,14,18,22,56,69,92
,Aggregated,417193,25,4,9.982351523781583,0.7942559986986453,152.09544799836294,172.4264237415297,289.64612563222425,0.0173568423746458,4,7,9,12,38,42,48,53,81,100,150
