Type,Name,Request Count,Failure Count,Median Response Time,Average Response Time,Min Response Time,Max Response Time,Average Content Size,Requests/s,Failures/s,50%,66%,75%,80%,90%,95%,98%,99%,99.9%,99.99%,100%
GET,/api/auth/verify,52496,1,4,5.310941091079791,2.108290995238349,306.2771429831628,112.44534821700701,36.474186209369826,0.0006947993410806504,4,5,6,7,9,12,16,19,51,69,310
OPTIONS,/api/auth/verify,52497,0,3,3.7152658548390245,0.9175550076179206,94.22710299259052,0.0,36.4748810087109,0.0,3,4,5,6,8,10,13,15,45,59,94
OPTIONS,/api/exercise-production,52495,0,3,3.6767665987872435,0.9213029989041388,81.86581201152876,0.0,36.47349141002874,0.0,3,4,5,5,8,10,13,15,45,70,82
POST,/api/exercise-production,52481,7,40,42.25090689105062,8.980209997389466,216.4851319976151,1140.847811588956,36.46376421925361,0.004863595387564553,40,42,43,44,49,56,72,82,110,160,220
OPTIONS,/api/user/login,52503,11,3,3.870980345382574,0.8485809958074242,75.22021199110895,0.0,36.47904980475739,0.007642792751887155,3,4,5,6,8,10,13,16,49,69,75
POST,/api/user/login,52502,2,4,5.74097493637842,1.2395840021781623,289.3292589869816,112.44314502304674,36.47835500541631,0.0013895986821613009,4,6,7,7,10,13,17,21,53,80,290
DELETE,/api/user/logout,52477,1,4,4.94823469688976,1.7106980085372925,78.86409599450417,13.999733216456734,36.46098502188929,0.0006947993410806504,4,5,6,7,10,12,16,20,53,76,79
OPTIONS,/api/user/logout,52478,0,3,3.9728928055187143,0.9337349911220372,105.3302270011045,0.0,36.46167982123037,0.0,3,4,5,6,8,10,13,16,49,73,110
,Aggregated,419929,22,4,9.184966768838143,0.8485809958074242,306.2771429831628,172.443243976958,291.7663925006564,0.01528558550377431,4,6,7,9,38,41,46,51,85,120,310
