Type,Name,Request Count,Failure Count,Median Response Time,Average Response Time,Min Response Time,Max Response Time,Average Content Size,Requests/s,Failures/s,50%,66%,75%,80%,90%,95%,98%,99%,99.9%,99.99%,100%
GET,/api/auth/verify,51818,0,4,6.142147128184912,2.0454210025491193,103.2422209973447,112.45856652128604,39.77519274545159,0.0,4,6,7,8,11,14,21,45,82,97,100
OPTIONS,/api/auth/verify,51820,0,3,4.253900915627075,0.9036619994731154,97.67941199970664,0.0,39.77672793371611,0.0,3,4,5,6,8,10,14,18,77,91,98
OPTIONS,/api/exercise-production,51818,0,3,4.134529743531517,0.9124309981416445,96.0588080015441,0.0,39.77519274545159,0.0,3,4,5,6,8,10,14,18,67,92,96
POST,/api/exercise-production,51802,13,41,47.11799349690949,10.823653999977978,388.3176679992175,1140.7136597042586,39.76291123933542,0.009978723719380729,41,43,46,48,63,85,100,140,290,360,390
OPTIONS,/api/user/login,51833,17,3,4.737688482976844,0.6430920002458151,103.68534000008367,0.0,39.78670665743549,0.013049100248420953,3,4,6,6,9,12,20,44,77,91,100
POST,/api/user/login,51833,9,5,6.5329846741512485,0.6373959986376576,113.3242899995821,112.4389095749812,39.78670665743549,0.006908347190340505,5,6,7,8,11,14,22,45,82,95,110
DELETE,/api/user/logout,51801,0,4,5.602428938424684,1.6792729984445032,101.89532100048382,14.0,39.76214364520317,0.0,4,5,7,8,11,13,19,37,77,92,100
OPTIONS,/api/user/logout,51801,0,3,4.555162403524747,0.9171479978249408,104.2700279976998,0.0,39.76214364520317,0.0,3,5,6,6,9,11,16,29,78,95,100
,Aggregated,414526,39,4,10.383248523786701,0.6373959986376576,388.3176679992175,172.41834529076584,318.18772526923203,0.029936171158142188,4,6,8,10,38,43,56,75,160,300,390
