Type,Name,Request Count,Failure Count,Median Response Time,Average Response Time,Min Response Time,Max Response Time,Average Content Size,Requests/s,Failures/s,50%,66%,75%,80%,90%,95%,98%,99%,99.9%,99.99%,100%
GET,/api/auth/verify,12746,0,5,7.589543942881007,2.0454210025491193,103.2422209973447,110.90710811234898,37.29835352357946,0.0,5,6,8,9,12,17,55,67,94,100,100
OPTIONS,/api/auth/verify,12747,0,3,5.1957808993459045,0.9036619994731154,97.67941199970664,0.0,37.30127980268848,0.0,3,5,6,7,9,11,21,58,88,94,98
OPTIONS,/api/exercise-production,12746,0,3,4.841967085276107,0.9124309981416445,96.0588080015441,0.0,37.29835352357946,0.0,3,5,6,6,9,11,18,53,84,94,96
POST,/api/exercise-production,12744,9,42,57.03724171280232,32.73668700057897,388.3176679992175,1140.194209039548,37.29250096536141,0.02633651198118744,42,46,56,70,96,110,200,270,320,360,390
OPTIONS,/api/user/login,12759,5,3,6.376966119456235,0.6430920002458151,103.68534000008367,0.0,37.336395151996726,0.014631395545104134,3,5,6,7,10,19,55,68,87,99,100
POST,/api/user/login,12759,8,5,7.884951614096719,0.6373959986376576,99.25278999799048,110.83760482796457,37.336395151996726,0.023410232872166613,5,7,8,9,12,17,55,68,92,96,99
DELETE,/api/user/logout,12743,0,4,6.663465115361927,1.6792729984445032,101.89532100048382,14.0,37.289574686252394,0.0,4,6,7,8,11,15,45,63,85,95,100
OPTIONS,/api/user/logout,12743,0,3,5.658885424525231,0.9171479978249408,104.2700279976998,0.0,37.289574686252394,0.0,3,5,6,7,10,12,46,62,88,99,100
,Aggregated,101987,22,5,12.654130314343972,0.6373959986376576,388.3176679992175,171.95168011609323,298.44242749170706,0.06437814039845818,5,7,9,11,40,52,84,100,280,320,390
