Type,Name,Request Count,Failure Count,Median Response Time,Average Response Time,Min Response Time,Max Response Time,Average Content Size,Requests/s,Failures/s,50%,66%,75%,80%,90%,95%,98%,99%,99.9%,99.99%,100%
GET,/api/auth/verify,52082,1,4,5.953705718095587,2.0741119951708242,103.02624399628257,112.46125340808725,36.14800353870391,0.0006940594358646731,4,6,7,8,11,14,20,27,77,92,100
OPTIONS,/api/auth/verify,52083,2,3,4.186206940510539,0.9086220015888102,93.74553200177616,0.0,36.148697598139776,0.0013881188717293463,3,4,5,6,9,11,15,18,69,87,94
OPTIONS,/api/exercise-production,52081,0,3,4.1729216952936286,0.9144010036834516,91.25523299735505,0.0,36.147309479268046,0.0,3,4,5,6,9,11,15,19,66,85,91
POST,/api/exercise-production,52064,17,41,44.43152778408622,7.025937993603293,388.1298349951976,1140.6274393054703,36.13551046885834,0.011799010409699445,41,43,44,46,52,64,85,100,280,320,390
OPTIONS,/api/user/login,52087,19,3,4.428326009412854,0.8551139981136657,91.75451099872589,0.0,36.15147383588323,0.01318712928142879,3,4,6,6,9,12,16,23,74,86,92
POST,/api/user/login,52087,3,5,6.3106169170233315,1.0378279985161498,96.07189099915558,112.45688943498378,36.15147383588323,0.0020821783075940193,5,6,7,8,11,15,21,27,77,94,96
DELETE,/api/user/logout,52061,1,4,5.512709779116374,1.680112000030931,92.44596699863905,13.999731084689115,36.133428290550754,0.0006940594358646731,4,5,7,8,11,14,20,25,73,86,92
OPTIONS,/api/user/logout,52062,2,3,4.416627747240066,0.9161409980151802,93.86977599933743,0.0,36.13412234998661,0.0013881188717293463,3,5,6,6,9,12,16,21,66,88,94
,Aggregated,416607,45,4,9.925467148781447,0.8551139981136657,388.1298349951976,172.4148082005343,289.1500193972739,0.031232674613910293,4,6,8,10,38,42,49,59,110,290,390
