Type,Name,Request Count,Failure Count,Median Response Time,Average Response Time,Min Response Time,Max Response Time,Average Content Size,Requests/s,Failures/s,50%,66%,75%,80%,90%,95%,98%,99%,99.9%,99.99%,100%
GET,/api/auth/verify,6589,0,5,6.507551362433304,2.166268001019489,216.0700359963812,110.84018819244194,64.47724906393529,0.0,5,6,8,9,11,14,20,34,70,220,220
OPTIONS,/api/auth/verify,6592,0,3,4.507773922212445,0.9279160003643483,68.96194399814704,0.0,64.50660583236628,0.0,3,5,6,7,9,11,14,18,59,69,69
OPTIONS,/api/exercise-production,6589,1,3,4.4841635958447155,0.9239609971700702,65.22625800062087,0.0,64.47724906393529,0.009785589476997312,3,5,6,7,9,11,15,18,53,65,65
POST,/api/exercise-production,6584,1,42,47.713139847630124,20.367994002299383,216.60417300154222,1140.8267010935601,64.42832111655031,0.009785589476997312,42,45,48,51,67,83,96,110,180,220,220
OPTIONS,/api/user/login,6594,3,3,4.979058684430606,0.8767929975874722,72.56458899792051,0.0,64.52617701132027,0.029356768430991935,3,5,6,7,9,12,20,33,60,73,73
POST,/api/user/login,6594,1,5,7.00134508207334,2.262860998598626,294.6000660012942,110.82332423415225,64.52617701132027,0.009785589476997312,5,7,8,9,12,15,22,36,72,290,290
DELETE,/api/user/logout,6582,0,4,6.066833706475772,1.751448002323741,82.27025700034574,14.0,64.40874993759631,0.0,4,6,7,9,12,14,20,35,67,82,82
OPTIONS,/api/user/logout,6583,0,4,4.961414901872297,0.9460959990974516,78.34533500135876,0.0,64.4185355270733,0.0,4,5,6,7,9,12,17,27,69,78,78
,Aggregated,52707,6,5,10.774178847278096,0.8767929975874722,294.6000660012942,171.9780294837498,515.7690645640973,0.05871353686198387,5,7,9,11,39,45,57,73,110,190,290
