Type,Name,Request Count,Failure Count,Median Response Time,Average Response Time,Min Response Time,Max Response Time,Average Content Size,Requests/s,Failures/s,50%,66%,75%,80%,90%,95%,98%,99%,99.9%,99.99%,100%
GET,/api/auth/verify,52220,1,4,5.785099590080825,2.0570379983837483,76.3499029999366,112.45103408655687,36.26837718479743,0.0006945303941937463,4,6,7,8,11,14,18,23,57,73,76
OPTIONS,/api/auth/verify,52223,0,3,4.043607957707131,0.9076920014194911,73.1390269993426,0.0,36.27046077598001,0.0,3,4,5,6,8,11,14,17,52,63,73
OPTIONS,/api/exercise-production,52219,0,3,4.0019088337427595,0.910372998987441,71.08528900062083,0.0,36.26768265440324,0.0,3,4,5,6,8,11,14,17,50,66,71
POST,/api/exercise-production,52209,15,40,44.101796363194154,6.85529700058396,188.16380299904267,1140.6721829569615,36.2607373504613,0.010417955912906195,40,43,45,47,55,69,85,95,130,170,190
OPTIONS,/api/user/login,52228,11,3,4.339849429519922,0.8466879990010057,72.3957740010519,0.0,36.27393342795098,0.007639834336131209,3,4,6,6,9,12,16,22,54,68,72
POST,/api/user/login,52228,4,5,6.224211093700431,1.519019999250304,255.80857500062848,112.44462740292563,36.27393342795098,0.002778121576774985,5,6,7,8,11,15,20,26,60,77,260
DELETE,/api/user/logout,52203,1,4,5.443730669151645,1.686583998889546,83.66568500059657,13.999731816179146,36.25657016809614,0.0006945303941937463,4,5,7,8,11,14,19,25,60,75,84
OPTIONS,/api/user/logout,52204,0,3,4.346897954035022,0.9212810000462923,97.88991699861072,0.0,36.25726469849033,0.0,3,4,6,6,9,12,15,20,57,77,98
,Aggregated,417734,32,4,9.785169243120034,0.8466879990010057,255.80857500062848,172.42822705357955,290.1289596881304,0.02222497261419988,4,6,8,10,38,42,50,60,98,140,260
