Type,Name,Request Count,Failure Count,Median Response Time,Average Response Time,Min Response Time,Max Response Time,Average Content Size,Requests/s,Failures/s,50%,66%,75%,80%,90%,95%,98%,99%,99.9%,99.99%,100%
GET,/api/auth/verify,49410,0,5,11.095430842825568,2.0467209978960454,169.61877100038691,112.48488160291438,34.30106083787622,0.0,5,8,10,13,21,59,78,86,100,140,170
OPTIONS,/api/auth/verify,49411,0,4,8.094756996645167,0.9061450000444893,141.74273800017545,0.0,34.301755050805546,0.0,4,6,8,9,14,29,74,81,96,130,140
OPTIONS,/api/exercise-production,49409,1,3,7.429055907162662,0.9075829984794836,130.19189100305084,0.0,34.300366624946896,0.0006942129293235422,3,6,8,9,14,23,66,75,91,120,130
POST,/api/exercise-production,49397,7,43,71.93663686697965,11.541867999767419,429.31696500090766,1140.838310018827,34.29203606979502,0.0048594905052647954,43,54,81,99,170,200,260,290,350,410,430
OPTIONS,/api/user/login,49428,24,4,10.11556227930081,0.8420129997830372,1004.7686340003565,0.0,34.313556670604044,0.016661110303765013,4,6,9,11,21,62,75,81,97,150,1000
POST,/api/user/login,49427,14,5,11.62160263195865,1.2093779987480957,1004.4151729998703,112.45305197564085,34.31286245767472,0.009718981010529591,5,8,11,13,21,59,81,90,110,1000,1000
DELETE,/api/user/logout,49395,2,4,9.966463603886583,1.6813940019346774,140.5247379989305,13.999433141006175,34.29064764393637,0.0013884258586470844,4,7,10,12,19,53,75,81,96,130,140
OPTIONS,/api/user/logout,49397,0,4,9.008942687676404,0.9180790002574213,137.58101900020847,0.0,34.29203606979502,0.0,4,7,9,10,16,50,78,84,97,130,140
,Aggregated,395274,48,5,17.40674248199671,0.8420129997830372,1004.7686340003565,172.44136219432596,274.4043214254338,0.033322220607530026,5,9,14,20,47,76,110,190,290,380,1000
