Type,Name,Request Count,Failure Count,Median Response Time,Average Response Time,Min Response Time,Max Response Time,Average Content Size,Requests/s,Failures/s,50%,66%,75%,80%,90%,95%,98%,99%,99.9%,99.99%,100%
GET,/api/auth/verify,52091,1,4,6.124025967796467,2.0715289865620434,130.53485701675527,112.46167284175769,36.173572249571635,0.0006944303670417468,4,6,7,8,11,14,23,46,70,87,130
OPTIONS,/api/auth/verify,52091,1,3,4.15922215467242,0.9107899968512356,98.00118798739277,0.0,36.173572249571635,0.0006944303670417468,3,4,5,6,8,10,14,19,64,81,98
OPTIONS,/api/exercise-production,52090,0,3,4.017597055821285,0.9155909938272089,77.86017001490109,0.0,36.172877819204594,0.0,3,4,5,6,8,10,14,18,60,73,78
POST,/api/exercise-production,52076,5,41,47.06212877502736,16.395138984080404,238.84981498122215,1140.8904485751593,36.16315579406601,0.003472151835208734,41,43,46,48,71,90,100,120,180,200,240
OPTIONS,/api/user/login,52097,20,3,4.781308736649311,0.847931980388239,109.77746799471788,0.0,36.17773883177388,0.013888607340834936,3,4,6,6,9,12,26,47,69,80,110
POST,/api/user/login,52096,3,5,6.54182359960794,0.7960639777593315,186.84762599878013,112.45734797297297,36.17704440140684,0.0020832911011252403,5,6,7,8,11,14,24,48,73,88,190
DELETE,/api/user/logout,52071,0,4,5.779611398813628,1.6937679902184755,115.4882310074754,14.0,36.159683642230796,0.0,4,5,7,8,11,14,22,46,72,82,120
OPTIONS,/api/user/logout,52071,0,3,4.617792081623377,0.9271769959013909,112.77843700372614,0.0,36.159683642230796,0.0,3,5,6,7,9,12,16,37,73,89,110
,Aggregated,416683,30,4,10.384504783737201,0.7960639777593315,238.84981498122215,172.45441738683843,289.3573286300562,0.020832911011252404,4,6,8,10,38,43,58,79,130,180,240
