Type,Name,Request Count,Failure Count,Median Response Time,Average Response Time,Min Response Time,Max Response Time,Average Content Size,Requests/s,Failures/s,50%,66%,75%,80%,90%,95%,98%,99%,99.9%,99.99%,100%
GET,/api/auth/verify,12726,0,5,7.875147568925479,2.069820000542677,110.99212000044645,110.91568442558541,38.542517123073125,0.0,5,7,8,9,13,19,51,74,98,110,110
OPTIONS,/api/auth/verify,12726,0,4,5.314609078027084,0.9139449994108872,103.37458000140032,0.0,38.542517123073125,0.0,4,5,6,7,9,12,18,53,88,99,100
OPTIONS,/api/exercise-production,12726,0,3,5.13489625113825,0.9161729994957568,103.75501999988046,0.0,38.542517123073125,0.0,3,5,6,7,9,12,18,52,88,100,100
POST,/api/exercise-production,12722,13,42,56.807441318733005,19.218242001443286,483.25430000113556,1139.8340669706022,38.53040254909133,0.03937236544082592,42,47,53,61,86,110,250,300,410,480,480
OPTIONS,/api/user/login,12729,11,4,6.49316202214358,0.8591670011810493,104.72628400020767,0.0,38.55160305355947,0.03331507844992962,4,5,7,7,10,17,54,71,94,100,100
POST,/api/user/login,12729,2,5,8.38513484554221,2.18788199890696,118.28545500065957,110.89826380705476,38.55160305355947,0.006057286990896295,5,7,9,10,13,19,56,79,110,120,120
DELETE,/api/user/logout,12722,1,4,6.957504760090105,1.701491999483551,96.52058000028774,13.99889954409684,38.53040254909133,0.0030286434954481475,4,6,8,9,12,16,45,63,88,96,97
OPTIONS,/api/user/logout,12722,1,4,5.802398312455177,0.9256210014427779,101.74263800035988,0.0,38.53040254909133,0.0030286434954481475,4,5,7,8,10,13,31,62,89,99,100
,Aggregated,101802,28,5,12.844748914124951,0.8591670011810493,483.25430000113556,171.9239307675684,308.3219651236123,0.08480201787254812,5,7,10,12,40,50,80,95,310,410,480
