Type,Name,Request Count,Failure Count,Median Response Time,Average Response Time,Min Response Time,Max Response Time,Average Content Size,Requests/s,Failures/s,50%,66%,75%,80%,90%,95%,98%,99%,99.9%,99.99%,100%
GET,/api/auth/verify,51936,1,4,6.272335694336452,2.0659519996115705,110.99212000044645,112.48602125693161,36.08334244875062,0.0006947655277408854,4,6,7,8,11,14,21,41,85,100,110
OPTIONS,/api/auth/verify,51937,3,3,4.314847022918077,0.9114470012718812,103.37458000140032,0.0,36.08403721427836,0.002084296583222656,3,4,6,6,9,11,14,18,79,92,100
OPTIONS,/api/exercise-production,51936,1,3,4.24774531554088,0.9118109992414247,103.75501999988046,0.0,36.08334244875062,0.0006947655277408854,3,4,5,6,9,11,14,18,75,95,100
POST,/api/exercise-production,51925,20,41,47.13038221047941,13.658194999152329,483.25430000113556,1140.5605199807414,36.07570002794547,0.013895310554817707,41,43,46,48,61,80,100,140,380,450,480
OPTIONS,/api/user/login,51944,16,3,4.846037083627778,0.8543500007363036,104.72628400020767,0.0,36.08890057297255,0.011116248443854166,3,5,6,7,9,12,20,43,84,96,100
POST,/api/user/login,51944,4,5,6.691734386743777,0.7985680003912421,118.28545500065957,112.479535653781,36.08890057297255,0.0027790621109635414,5,6,8,9,12,15,22,43,96,110,120
DELETE,/api/user/logout,51923,1,4,5.726849346858494,1.6940229997999268,96.52058000028774,13.99973036997092,36.07431049688999,0.0006947655277408854,4,5,7,8,11,14,20,36,77,91,97
OPTIONS,/api/user/logout,51923,1,3,4.659532305314866,0.9227179998561041,101.74263800035988,0.0,36.07431049688999,0.0006947655277408854,3,5,6,7,9,12,16,26,83,93,100
,Aggregated,415468,47,4,10.485347437637246,0.7985680003912421,483.25430000113556,172.42055705854602,288.65284427945016,0.03265397980382161,4,6,8,11,38,43,55,73,180,380,480
