Type,Name,Request Count,Failure Count,Median Response Time,Average Response Time,Min Response Time,Max Response Time,Average Content Size,Requests/s,Failures/s,50%,66%,75%,80%,90%,95%,98%,99%,99.9%,99.99%,100%
GET,/api/auth/verify,52065,0,4,6.006891013253317,2.0801170030608773,130.76887300121598,112.44995678478824,36.14537656805833,0.0,4,6,7,8,11,14,21,42,67,91,130
OPTIONS,/api/auth/verify,52065,0,3,4.066157480933226,0.9149810066446662,98.81113498704508,0.0,36.14537656805833,0.0,3,4,5,6,8,10,14,17,58,74,99
OPTIONS,/api/exercise-production,52062,0,3,3.9610326897410197,0.916351011255756,80.25434101000428,0.0,36.143293861255216,0.0,3,4,5,6,8,10,14,17,54,68,80
POST,/api/exercise-production,52050,6,41,46.77858577847578,7.944579003378749,201.93043298786506,1140.8684726224783,36.13496303404276,0.004165413606229713,41,43,46,49,69,86,100,110,170,180,200
OPTIONS,/api/user/login,52078,24,3,4.690346919183801,0.651239010039717,1003.0063139856793,0.0,36.15440163087183,0.01666165442491885,3,4,6,6,9,12,23,42,65,85,1000
POST,/api/user/login,52077,11,5,6.477250306276137,0.6456260161940008,1001.7644629988354,112.42621502774738,36.15370739527079,0.00763659161142114,5,6,7,8,11,14,21,43,68,150,1000
DELETE,/api/user/logout,52048,0,4,5.571136974685159,1.704193011391908,92.47658401727676,14.0,36.133574562840685,0.0,4,5,7,8,11,14,19,39,65,79,92
OPTIONS,/api/user/logout,52049,1,3,4.4741505716777175,0.926399021409452,96.45417498541065,0.0,36.134268798441724,0.0006942356010382855,3,5,6,7,9,11,15,26,64,76,96
,Aggregated,416494,42,4,10.252054519233292,0.6456260161940008,1003.0063139856793,172.44042651274688,289.14496241883967,0.02915789524360799,4,6,8,10,38,43,56,76,110,180,1000
