Type,Name,Request Count,Failure Count,Median Response Time,Average Response Time,Min Response Time,Max Response Time,Average Content Size,Requests/s,Failures/s,50%,66%,75%,80%,90%,95%,98%,99%,99.9%,99.99%,100%
GET,/api/auth/verify,49079,1,5,12.01632724525715,2.064268017420545,197.69598401035182,112.39907088571486,34.07853294267646,0.0006943607845040946,5,8,10,12,23,70,85,91,110,190,200
OPTIONS,/api/auth/verify,49080,0,3,8.37668400469131,0.907267996808514,129.95783300721087,0.0,34.07922730346096,0.0,3,6,8,9,15,47,76,82,96,120,130
OPTIONS,/api/exercise-production,49078,1,3,7.917900882354367,0.911979004740715,122.31643599807285,0.0,34.07783858189195,0.0006943607845040946,3,6,7,9,15,31,71,79,95,110,120
POST,/api/exercise-production,49060,5,43,76.0387022086653,10.090525000123307,560.7064869836904,1140.8837138198126,34.06534008777088,0.003471803922520473,43,53,81,100,190,220,290,310,410,480,560
OPTIONS,/api/user/login,49088,19,4,10.119578792042041,0.8435180061496794,1002.8503740031738,0.0,34.084782189737,0.013192854905577797,4,6,8,10,20,64,77,84,98,130,1000
POST,/api/user/login,49086,5,5,12.282071643417206,0.8230149978771806,1002.4409019970335,112.38990750926945,34.08339346816799,0.003471803922520473,5,8,11,13,22,70,87,95,110,190,1000
DELETE,/api/user/logout,49052,0,4,10.32892850506522,1.682260015513748,154.86160802538507,14.0,34.05978520149485,0.0,4,7,10,12,19,62,77,82,98,120,150
OPTIONS,/api/user/logout,49056,1,4,9.66692631284526,0.9184480004478246,130.05598899326287,0.0,34.06256264463286,0.0006943607845040946,4,7,9,11,17,64,81,86,99,130,130
,Aggregated,392579,32,5,18.341361703879862,0.8230149978771806,1002.8503740031738,172.42819407049282,272.59146241983296,0.022219545104131027,5,9,14,21,49,79,120,200,330,420,1000
