Type,Name,Request Count,Failure Count,Median Response Time,Average Response Time,Min Response Time,Max Response Time,Average Content Size,Requests/s,Failures/s,50%,66%,75%,80%,90%,95%,98%,99%,99.9%,99.99%,100%
GET,/api/auth/verify,52006,3,4,6.485507166067902,2.1037669976067264,230.11821299951407,112.44919816944198,36.126674558120094,0.002083990764034155,4,6,8,9,13,18,25,30,61,77,230
OPTIONS,/api/auth/verify,52006,2,3,4.600517279069756,0.9188719996018335,77.76132800063351,0.0,36.126674558120094,0.00138932717602277,3,5,6,7,10,13,18,23,53,69,78
OPTIONS,/api/exercise-production,52005,0,3,4.63043331548082,0.9219259991368745,79.32133400026942,0.0,36.12597989453208,0.0,3,5,6,7,10,14,19,23,56,71,79
POST,/api/exercise-production,51994,8,41,43.33814546828938,12.689718998444732,154.38398699916434,1140.8244412816864,36.11833859506395,0.00555730870409108,41,43,45,47,52,60,74,84,110,140,150
OPTIONS,/api/user/login,52020,17,3,4.742489021589288,0.6468119972851127,72.5352350018511,0.0,36.13639984835225,0.011809280996193546,3,5,6,7,10,14,19,23,53,65,73
POST,/api/user/login,52020,12,5,6.862869573002545,0.6703760009258986,129.39425999866216,112.42968089196462,36.13639984835225,0.00833596305613662,5,6,8,9,13,18,26,31,63,78,130
DELETE,/api/user/logout,51990,3,4,5.980085834290331,1.7035849996318575,80.90624500255217,13.999192152336988,36.11555994071191,0.002083990764034155,4,5,7,8,13,17,24,29,63,75,81
OPTIONS,/api/user/logout,51990,2,3,4.79429207988778,0.929989997530356,83.48080900032073,0.0,36.11555994071191,0.00138932717602277,3,5,6,7,10,14,19,24,56,69,83
,Aggregated,416031,47,4,10.178423408814345,0.6468119972851127,230.11821299951407,172.440200369684,289.00158718396455,0.0326491886365351,4,7,9,12,38,42,49,55,87,110,230
