Type,Name,Request Count,Failure Count,Median Response Time,Average Response Time,Min Response Time,Max Response Time,Average Content Size,Requests/s,Failures/s,50%,66%,75%,80%,90%,95%,98%,99%,99.9%,99.99%,100%
GET,/api/auth/verify,52251,0,4,6.005644428173387,2.109578999807127,93.00133799843024,112.47021109643835,36.29949985372047,0.0,4,6,7,8,12,15,20,24,58,75,93
OPTIONS,/api/auth/verify,52251,1,3,4.299412575491833,0.9175640007015318,86.24376000079792,0.0,36.29949985372047,0.0006947139739664403,3,4,6,6,9,12,16,19,51,68,86
OPTIONS,/api/exercise-production,52250,0,3,4.282511895382108,0.9190390010189731,73.91007899786928,0.0,36.298805139746506,0.0,3,4,6,6,9,12,16,19,52,69,74
POST,/api/exercise-production,52235,12,41,42.682798624195215,7.879876000515651,212.57428500030073,1140.7378769024601,36.28838443013701,0.008336567687597283,41,43,44,46,50,56,68,80,100,130,210
OPTIONS,/api/user/login,52259,16,3,4.4244198354388296,0.8526310011802707,74.79567100017448,0.0,36.3050575655122,0.011115423583463045,3,5,6,7,9,12,16,20,53,64,75
POST,/api/user/login,52258,5,5,6.399061203877246,0.7603949998156168,238.0782550026197,112.45947032033372,36.30436285153824,0.003473569869832201,5,6,7,8,12,16,21,25,61,83,240
DELETE,/api/user/logout,52234,1,4,5.577706029187589,1.7025790002662688,82.6243900010013,13.999731975341732,36.287689716163044,0.0006947139739664403,4,5,7,8,12,16,21,25,60,72,83
OPTIONS,/api/user/logout,52235,0,3,4.477000487987464,0.9296150019508786,93.79244500087225,0.0,36.28838443013701,0.0,3,5,6,7,10,13,16,20,55,65,94
,Aggregated,417973,35,4,9.767536850366165,0.7603949998156168,238.0782550026197,172.4304990992241,290.37168384067496,0.02431498908882541,4,6,9,11,38,42,48,53,83,110,240
