Type,Name,Request Count,Failure Count,Median Response Time,Average Response Time,Min Response Time,Max Response Time,Average Content Size,Requests/s,Failures/s,50%,66%,75%,80%,90%,95%,98%,99%,99.9%,99.99%,100%
GET,/api/auth/verify,25419,0,4,6.426839129879047,2.0786009990843013,107.53662800198072,111.94523781423345,46.084232575537314,0.0,4,6,7,8,11,15,22,45,89,110,110
OPTIONS,/api/auth/verify,25420,1,3,4.438069256360959,0.9113689993682783,98.46572000242304,0.0,46.08604555923359,0.0018129836962719743,3,5,6,6,9,11,14,19,85,93,98
OPTIONS,/api/exercise-production,25418,1,3,4.2563336528242735,0.9141000009549316,106.23073799797567,0.0,46.082419591841045,0.0018129836962719743,3,4,5,6,9,11,14,18,80,91,110
POST,/api/exercise-production,25409,24,41,48.1974460927882,5.495798999618273,403.7763209998957,1139.9222716360346,46.06610273857459,0.04351160871052739,41,44,46,48,62,81,120,200,360,400,400
OPTIONS,/api/user/login,25424,8,3,4.9794420142825055,0.8516669986420311,97.7440540009411,0.0,46.09329749401868,0.014503869570175795,3,5,6,6,9,12,22,48,82,92,98
POST,/api/user/login,25423,3,5,6.78396120925786,2.210574002674548,110.00163400240126,111.93206938598907,46.0914845103224,0.005438951088815923,5,6,8,9,12,15,23,46,98,110,110
DELETE,/api/user/logout,25409,1,4,5.811541196230721,1.656662003370002,110.64038900076412,13.999449014128851,46.06610273857459,0.0018129836962719743,4,5,7,8,11,14,20,41,83,93,110
OPTIONS,/api/user/logout,25409,6,3,4.7676768101109435,0.9196300015901215,94.20698900066782,0.0,46.06610273857459,0.010877902177631847,3,5,6,7,9,12,17,33,87,93,94
,Aggregated,203331,44,4,10.706135664583712,0.8516669986420311,403.7763209998957,172.18811691281704,368.6357879466768,0.07977128263596688,4,6,8,11,38,44,57,76,210,360,400
