Type,Name,Request Count,Failure Count,Median Response Time,Average Response Time,Min Response Time,Max Response Time,Average Content Size,Requests/s,Failures/s,50%,66%,75%,80%,90%,95%,98%,99%,99.9%,99.99%,100%
GET,/api/auth/verify,52499,1,4,5.353309591153856,2.0945869910065085,80.98313200753182,112.44694184651136,36.45759253066271,0.0006944435614137928,4,5,6,7,10,12,16,19,50,66,81
OPTIONS,/api/auth/verify,52499,0,3,3.74644047116129,0.9099720045924187,62.89984201430343,0.0,36.45759253066271,0.0,3,4,5,6,8,10,12,15,45,58,63
OPTIONS,/api/exercise-production,52497,0,3,3.736821165909706,0.917619006941095,83.41464897966944,0.0,36.45620364353988,0.0,3,4,5,6,8,10,13,15,43,57,83
POST,/api/exercise-production,52482,3,40,42.30826005128335,26.925284997560084,240.34320400096476,1140.9347776380473,36.44578699011868,0.0020833306842413784,40,42,43,45,49,56,73,83,110,150,240
OPTIONS,/api/user/login,52503,9,3,3.9131800825156215,0.8457640069536865,100.9033790032845,0.0,36.460370304908366,0.006249992052724135,3,4,5,6,8,10,13,16,48,66,100
POST,/api/user/login,52501,2,4,5.737354481641051,2.08154899883084,110.67803099285811,112.44481057503667,36.45898141778554,0.0013888871228275857,4,6,7,8,10,13,16,20,50,68,110
DELETE,/api/user/logout,52478,0,4,5.012410528301261,1.708413998130709,113.34402501233853,14.0,36.44300921587302,0.0,4,5,6,7,10,12,16,20,52,75,110
OPTIONS,/api/user/logout,52480,0,3,4.001246332147342,0.9272769966628402,81.90266700694337,0.0,36.44439810299585,0.0,3,4,5,6,8,10,13,16,48,69,82
,Aggregated,419939,15,4,9.225194640192791,0.8457640069536865,240.34320400096476,172.4537325659203,291.62393473654674,0.010416653421206892,4,6,8,9,38,41,46,51,85,110,240
