Type,Name,Request Count,Failure Count,Median Response Time,Average Response Time,Min Response Time,Max Response Time,Average Content Size,Requests/s,Failures/s,50%,66%,75%,80%,90%,95%,98%,99%,99.9%,99.99%,100%
GET,/api/auth/verify,39161,2,4,5.86831648359419,2.0909189988742582,89.09130499887397,112.28321544393657,36.12032543274498,0.001844709043831617,4,6,7,8,11,14,19,22,56,71,89
OPTIONS,/api/auth/verify,39162,0,3,4.161114062752909,0.9131199985858984,70.53925199943478,0.0,36.121247787266896,0.0,3,4,5,6,9,11,15,17,51,64,71
OPTIONS,/api/exercise-production,39161,0,3,4.164948547576109,0.9190350028802641,73.60852100100601,0.0,36.12032543274498,0.0,3,4,5,6,9,12,15,18,52,67,74
POST,/api/exercise-production,39150,7,41,43.03697907620409,9.051277000253322,254.9040329977288,1140.7959897828864,36.1101795330039,0.00645648165341066,41,43,45,46,50,58,75,86,110,160,250
OPTIONS,/api/user/login,39173,12,3,4.320624469152254,0.6846930009487551,68.64574000064749,0.0,36.131393687007964,0.011068254262989703,3,5,6,7,9,12,15,19,52,64,69
POST,/api/user/login,39172,6,5,6.308735991597996,1.2923089998366777,124.4200399996771,112.27172470131727,36.13047133248605,0.005534127131494851,5,6,7,8,12,15,20,24,62,93,120
DELETE,/api/user/logout,39148,1,4,5.476314836341303,1.697801002592314,73.05932200324605,13.999642382752631,36.10833482396007,0.0009223545219158085,4,5,7,8,11,15,19,22,56,69,73
OPTIONS,/api/user/logout,39149,0,3,4.4014069529035895,0.9268709982279688,87.68261099976371,0.0,36.10925717848199,0.0,3,5,6,7,9,12,16,19,55,68,88
,Aggregated,313276,28,4,9.716170578818561,0.6846930009487551,254.9040329977288,172.38873070391602,288.95153520769685,0.02582592661364264,4,6,9,11,38,42,48,54,88,120,250
