Type,Name,Request Count,Failure Count,Median Response Time,Average Response Time,Min Response Time,Max Response Time,Average Content Size,Requests/s,Failures/s,50%,66%,75%,80%,90%,95%,98%,99%,99.9%,99.99%,100%
GET,/api/auth/verify,52202,2,4,5.939787436303883,2.090848000079859,89.09130499887397,112.4622811386537,36.59726288465534,0.001402140258406013,4,6,7,8,11,15,20,24,58,71,89
OPTIONS,/api/auth/verify,52203,0,3,4.207576788082664,0.9131199985858984,77.85814800081425,0.0,36.59796395478455,0.0,3,4,6,6,9,12,15,18,53,67,78
OPTIONS,/api/exercise-production,52201,0,3,4.216159660993695,0.9190350028802641,73.60852100100601,0.0,36.59656181452614,0.0,3,4,5,6,9,12,16,19,52,66,74
POST,/api/exercise-production,52187,7,41,43.13770819478537,9.051277000253322,254.9040329977288,1140.8469542223158,36.586746832717296,0.0049074909044210455,41,43,45,46,51,59,76,86,110,160,250
OPTIONS,/api/user/login,52216,16,3,4.363503420445377,0.6846930009487551,68.64574000064749,0.0,36.60707786646419,0.011217122067248104,3,4,6,7,9,12,16,20,52,64,69
POST,/api/user/login,52215,7,5,6.371767260881609,1.2923089998366777,124.4200399996771,112.45147945992531,36.606376796334985,0.0049074909044210455,5,6,7,8,12,16,21,25,62,80,120
DELETE,/api/user/logout,52184,1,4,5.552074893683721,1.697801002592314,75.28031199763063,13.999731718534417,36.584643622329686,0.0007010701292030065,4,5,7,8,12,15,20,24,59,70,75
OPTIONS,/api/user/logout,52186,0,3,4.4349535996150315,0.9266950000892393,87.68261099976371,0.0,36.58604576258809,0.0,3,5,6,7,10,12,16,20,56,71,88
,Aggregated,417594,33,4,9.776842410986564,0.6846930009487551,254.9040329977288,172.44105997691537,292.76267953440026,0.023135314263699212,4,6,9,11,38,42,48,54,89,120,250
