Type,Name,Request Count,Failure Count,Median Response Time,Average Response Time,Min Response Time,Max Response Time,Average Content Size,Requests/s,Failures/s,50%,66%,75%,80%,90%,95%,98%,99%,99.9%,99.99%,100%
GET,/api/auth/verify,44972,2,4,5.955007839206763,2.090848000079859,89.09130499887397,112.3758338521747,38.317685137781524,0.0017040685376581662,4,6,7,8,11,15,19,23,57,71,89
OPTIONS,/api/auth/verify,44973,0,3,4.2251568336259115,0.9131199985858984,77.85814800081425,0.0,38.318537172050355,0.0,3,4,6,6,9,12,15,18,53,67,78
OPTIONS,/api/exercise-production,44971,0,3,4.2220158531826435,0.9190350028802641,73.60852100100601,0.0,38.3168331035127,0.0,3,4,6,6,9,12,16,19,52,66,74
POST,/api/exercise-production,44958,7,41,43.181622549410065,9.051277000253322,254.9040329977288,1140.8223453000578,38.30575665801792,0.005964239881803582,41,43,45,46,51,59,76,86,110,160,250
OPTIONS,/api/user/login,44984,16,3,4.376483138381175,0.6846930009487551,68.64574000064749,0.0,38.32790954900748,0.01363254830126533,3,5,6,7,9,12,16,19,52,64,69
POST,/api/user/login,44983,6,5,6.392261530509875,1.2923089998366777,124.4200399996771,112.36580485961363,38.32705751473865,0.005112205612974499,5,6,7,9,12,16,20,25,62,91,120
DELETE,/api/user/logout,44956,1,4,5.555548652684417,1.697801002592314,73.05932200324605,13.99968858439363,38.304052589480264,0.0008520342688290831,4,5,7,8,12,15,19,23,57,69,73
OPTIONS,/api/user/logout,44957,0,3,4.459778928206602,0.9268709982279688,87.68261099976371,0.0,38.30490462374909,0.0,3,5,6,7,10,12,16,19,56,71,88
,Aggregated,359754,32,4,9.794811445495423,0.6846930009487551,254.9040329977288,172.4144220773084,306.52273634833796,0.02726509660253066,4,6,9,11,38,42,48,54,89,120,250
