Type,Name,Request Count,Failure Count,Median Response Time,Average Response Time,Min Response Time,Max Response Time,Average Content Size,Requests/s,Failures/s,50%,66%,75%,80%,90%,95%,98%,99%,99.9%,99.99%,100%
GET,/api/auth/verify,51835,2,4,6.313997064919244,2.070440008537844,134.63125101407059,112.44844217227742,36.01816386188793,0.0013897236948736539,4,6,7,8,11,14,24,46,82,100,130
OPTIONS,/api/auth/verify,51837,4,3,4.327631279767248,0.9086909994948655,91.313729993999,0.0,36.0195535855828,0.0027794473897473078,3,4,6,6,9,11,14,19,72,88,91
OPTIONS,/api/exercise-production,51835,1,3,4.174570905957537,0.912574992980808,104.66954499133863,0.0,36.01816386188793,0.0006948618474368269,3,4,5,6,8,11,14,18,69,86,100
POST,/api/exercise-production,51818,7,41,48.30736148220652,32.99408301245421,472.83684299327433,1140.845864371454,36.0063512104815,0.0048640329320577885,41,44,47,49,71,89,110,150,300,390,470
OPTIONS,/api/user/login,51843,24,3,5.003216561379696,0.8371899893973023,1002.4046809994616,0.0,36.02372275666742,0.016676684338483846,3,5,6,7,9,12,29,47,77,91,1000
POST,/api/user/login,51842,5,5,6.786677231262488,1.2696619960479438,1003.7218899815343,112.44190038964547,36.02302789481998,0.003474309237184135,5,6,8,9,12,15,26,49,82,99,1000
DELETE,/api/user/logout,51812,2,4,5.920352121895959,1.6781849844846874,114.55252999439836,13.999459584652204,36.00218203939688,0.0013897236948736539,4,5,7,8,11,14,21,46,78,89,110
OPTIONS,/api/user/logout,51813,1,3,4.776801517000601,0.9241389925591648,115.56577199371532,0.0,36.00287690124431,0.0006948618474368269,3,5,6,7,9,12,17,38,79,91,120
,Aggregated,414635,46,4,10.70015695505547,0.8371899893973023,1003.7218899815343,172.4400231528935,288.11404211196873,0.03196364498209404,4,6,8,11,38,44,61,79,170,310,1000
