Type,Name,Request Count,Failure Count,Median Response Time,Average Response Time,Min Response Time,Max Response Time,Average Content Size,Requests/s,Failures/s,50%,66%,75%,80%,90%,95%,98%,99%,99.9%,99.99%,100%
GET,/api/auth/verify,51887,0,4,6.28996010193558,2.0579179981723428,166.1764459859114,112.47697881935746,36.03339383166513,0.0,4,6,7,8,11,14,27,47,72,83,170
OPTIONS,/api/auth/verify,51887,0,3,4.276997172160347,0.908831978449598,86.96913399035111,0.0,36.03339383166513,0.0,3,4,6,6,9,11,14,21,64,79,87
OPTIONS,/api/exercise-production,51887,1,3,4.129322915161801,0.9108090016525239,85.87835601065308,0.0,36.03339383166513,0.0006944589941924785,3,4,5,6,8,11,15,20,61,76,86
POST,/api/exercise-production,51875,5,41,48.36710128556981,26.747685013106093,214.35260499129072,1140.8900240963856,36.02506032373482,0.003472294970962392,41,44,47,50,76,93,110,130,180,200,210
OPTIONS,/api/user/login,51900,24,3,5.1302422873440525,0.6376359960995615,1002.1210869890638,0.0,36.04242179858963,0.016667015860619482,3,5,6,7,9,13,36,50,69,84,1000
POST,/api/user/login,51899,10,5,6.817120235311202,0.8296479936689138,1002.4109979858622,112.45532669222914,36.04172733959544,0.006944589941924784,5,6,8,9,12,15,28,50,73,120,1000
DELETE,/api/user/logout,51873,1,4,5.872567219824319,1.6759920108597726,98.0607749952469,13.999730110076532,36.023671405746434,0.0006944589941924785,4,5,7,8,11,14,22,46,73,85,98
OPTIONS,/api/user/logout,51873,0,3,4.78429594388872,0.922507984796539,91.18606802076101,0.0,36.023671405746434,0.0,3,5,6,7,9,12,17,42,71,80,91
,Aggregated,415081,41,4,10.707437897821938,0.6376359960995615,1002.4109979858622,172.45378612849058,288.25673376840814,0.028472818761891616,4,6,9,11,39,44,63,83,140,180,1000
