Type,Name,Request Count,Failure Count,Median Response Time,Average Response Time,Min Response Time,Max Response Time,Average Content Size,Requests/s,Failures/s,50%,66%,75%,80%,90%,95%,98%,99%,99.9%,99.99%,100%
GET,/api/auth/verify,15,0,3,3.497802733666807,2.5970379974751268,7.932917000289308,109.06666666666666,3.1530068740190167,0.0,3,3,3,4,6,8,8,8,8,8,8
OPTIONS,/api/auth/verify,15,0,1.0633120000420604,1.2970549330930226,1.0633120000420604,2.5281799971708097,0.0,3.1530068740190167,0.0,1,1,1,1,1,3,3,3,3,3,3
OPTIONS,/api/exercise-production,15,0,1.053145999321714,1.2852164669311605,1.053145999321714,2.0328800019342452,0.0,3.1530068740190167,0.0,1,1,1,1,2,2,2,2,2,2,2
POST,/api/exercise-production,15,0,38,37.719672466725264,33.889238999108784,49.603215000388445,1141.0,3.1530068740190167,0.0,38,38,38,39,40,50,50,50,50,50,50
OPTIONS,/api/user/login,15,0,2,1.9075525323084246,0.9914529982779641,6.2685990014870185,0.0,3.1530068740190167,0.0,2,2,2,2,3,6,6,6,6,6,6
POST,/api/user/login,15,0,3,5.130604466830846,2.883101002225885,28.254337998077972,109.06666666666666,3.1530068740190167,0.0,3,3,4,4,5,28,28,28,28,28,28
DELETE,/api/user/logout,15,0,3,2.747732132896393,2.053022999461973,3.7024629964435007,14.0,3.1530068740190167,0.0,3,3,3,3,3,4,4,4,4,4,4
OPTIONS,/api/user/logout,15,0,1.0852429986698553,1.2062043996896439,1.0852429986698553,1.629782000236446,0.0,3.1530068740190167,0.0,1,1,1,1,1,2,2,2,2,2,2
,Aggregated,120,0,2,6.848980016517696,0.9914529982779641,49.603215000388445,171.64166666666668,25.224054992152134,0.0,2,3,3,4,35,38,39,40,50,50,50
