Type,Name,Request Count,Failure Count,Median Response Time,Average Response Time,Min Response Time,Max Response Time,Average Content Size,Requests/s,Failures/s,50%,66%,75%,80%,90%,95%,98%,99%,99.9%,99.99%,100%
GET,/api/auth/verify,25886,0,4,6.236087229670117,2.0838160016865004,108.24602199863875,111.95878080815885,42.9731923850795,0.0,4,6,7,8,11,14,21,37,93,100,110
OPTIONS,/api/auth/verify,25886,0,3,4.350044309904493,0.9146470001724083,100.27502000230015,0.0,42.9731923850795,0.0,3,4,5,6,8,11,15,19,85,96,100
OPTIONS,/api/exercise-production,25886,0,3,4.261547939591248,0.9200690001307521,93.30482499717618,0.0,42.9731923850795,0.0,3,4,5,6,8,11,15,19,77,88,93
POST,/api/exercise-production,25881,11,41,46.48072945052599,32.58232300140662,506.7824610014213,1140.5150496503227,42.964891915253126,0.018261033618012613,41,43,44,46,51,64,97,270,400,480,510
OPTIONS,/api/user/login,25888,8,3,4.647281645049293,0.853837002068758,125.42794100227184,0.0,42.97651257301005,0.013280751722190991,3,5,6,6,9,12,16,27,84,96,130
POST,/api/user/login,25888,2,5,6.551825151619963,0.6932599972060416,187.50599999839324,111.95013133498146,42.97651257301005,0.003320187930547748,5,6,7,8,11,15,21,30,96,110,190
DELETE,/api/user/logout,25881,0,4,5.568599892125034,1.70203600282548,98.96123199723661,14.0,42.964891915253126,0.0,4,5,6,7,10,14,19,26,85,95,99
OPTIONS,/api/user/logout,25881,0,3,4.577104315147916,0.9324740021838807,98.55166200213716,0.0,42.964891915253126,0.0,3,5,6,6,9,11,16,22,87,95,99
,Aggregated,207077,21,4,10.333442329410536,0.6932599972060416,506.7824610014213,172.2853527914737,343.76727804701795,0.03486197327075135,4,6,8,10,38,42,49,65,290,400,510
