Type,Name,Request Count,Failure Count,Median Response Time,Average Response Time,Min Response Time,Max Response Time,Average Content Size,Requests/s,Failures/s,50%,66%,75%,80%,90%,95%,98%,99%,99.9%,99.99%,100%
GET,/api/auth/verify,51202,0,4,7.3628824661538745,2.092499998980202,238.78167099974235,112.41859692980744,35.53655008268744,0.0,4,6,7,9,13,20,49,64,85,110,240
OPTIONS,/api/auth/verify,51202,0,3,4.923508816544482,0.9115100001508836,102.92047099937918,0.0,35.53655008268744,0.0,3,4,6,7,10,13,22,47,78,91,100
OPTIONS,/api/exercise-production,51200,0,3,4.731458587339148,0.9167239986709319,98.01889899972593,0.0,35.53516199042219,0.0,3,4,5,6,9,13,21,43,75,89,98
POST,/api/exercise-production,51178,1,41,53.7874937152604,32.9501660016831,403.4949230008351,1140.9777052639806,35.51989297550443,0.0006940461326254335,41,46,52,63,94,110,160,180,220,290,400
OPTIONS,/api/user/login,51213,9,3,6.311020577950177,0.8507470010954421,119.98005099667353,0.0,35.54418459014632,0.006246415193628901,3,5,6,7,11,22,55,64,81,100,120
POST,/api/user/login,51211,8,5,7.741425002285185,0.6826539975008927,303.22270000033313,112.40104665013376,35.54279649788107,0.005552369061003468,5,6,8,9,14,20,50,64,86,110,300
DELETE,/api/user/logout,51176,0,4,6.9486805072921864,1.7029940026986878,121.80778000038117,14.0,35.51850488323918,0.0,4,6,7,8,13,19,51,65,82,95,120
OPTIONS,/api/user/logout,51176,0,3,5.783291729580781,0.9245779983757529,121.59933899965836,0.0,35.51850488323918,0.0,3,5,6,7,11,16,43,64,84,99,120
,Aggregated,409558,18,4,12.196804026128307,0.6826539975008927,403.4949230008351,172.4338140141323,284.25214598580726,0.012492830387257802,4,7,9,13,40,49,79,100,180,230,400
