Type,Name,Request Count,Failure Count,Median Response Time,Average Response Time,Min Response Time,Max Response Time,Average Content Size,Requests/s,Failures/s,50%,66%,75%,80%,90%,95%,98%,99%,99.9%,99.99%,100%
GET,/api/auth/verify,49482,0,5,10.863580681620721,2.0609729981515557,178.9767540176399,112.44315104482438,37.3070637185786,0.0,5,7,9,11,19,64,81,88,100,160,180
OPTIONS,/api/auth/verify,49488,0,3,7.368600999998772,0.9082060132641345,132.62613999540918,0.0,37.31158743189478,0.0,3,5,7,8,13,22,72,80,93,120,130
OPTIONS,/api/exercise-production,49481,0,3,7.067124125604991,0.913433003006503,127.68408100237139,0.0,37.306309766359234,0.0,3,5,7,8,13,21,67,76,92,120,130
POST,/api/exercise-production,49464,6,43,71.9863276972202,23.69529998395592,500.91191500541754,1140.8615963124696,37.29349257863004,0.004523713316185109,43,52,77,97,180,210,280,300,390,460,500
OPTIONS,/api/user/login,49494,16,3,9.238823747994278,0.8390349976252764,129.68621400068514,0.0,37.31611114521097,0.012063235509826957,3,6,8,9,17,61,75,80,96,110,130
POST,/api/user/login,49493,4,5,11.039789260886876,1.2503970065154135,1002.7762060053647,112.43406138241771,37.3153571929916,0.0030158088774567392,5,7,10,12,19,62,82,90,110,170,1000
DELETE,/api/user/logout,49462,1,4,9.387600685341138,1.6732180083636194,135.39788298658095,13.999716954429664,37.29198467419131,0.0007539522193641848,4,6,9,11,17,53,75,81,94,110,140
OPTIONS,/api/user/logout,49464,0,3,8.370535988717299,0.9145959920715541,134.89346698042937,0.0,37.29349257863004,0.0,3,6,8,9,15,39,78,83,96,120,130
,Aggregated,395828,27,5,16.91304667018749,0.8390349976252764,1002.7762060053647,172.4300529522924,298.43539908648654,0.02035670992283299,5,8,12,18,45,76,110,190,300,390,1000
